<Application>
  <Menus>
    <action type="add">
      <Menu Checked="0" Enabled="1" FatherUID="43520" Image="" String="Delivery Schedule v2" Type="2" UniqueID="mDLVRv2">
        <Menus>
          <action type="add">
            <Menu Checked="0" Enabled="1" FatherUID="DLVRv2" Image="" Position="0" String="Delivery Schedule" Type="1" UniqueID="DLVR_SCH" />
            <Menu Checked="0" Enabled="1" FatherUID="DLVRv2" Image="" Position="1" String="Approval Delivery Schedule" Type="1" UniqueID="APR_DLS" />
          </action>
        </Menus>
      </Menu>
    </action>
  </Menus>
</Application>